{
	"alliance_name":{
		"templates":[
			{
				"template": "{$alliance_kingdom_union_name$, 1}{alliance_postfix, 1}",
				"weight": 1
			},
			{
				"template": "{real_alliance_names, 1}",
				"weight": 0.001
			},
			{
				"template": "{$alliance_pos$, 1}{alliance_postfix, 1}",
				"weight": 0.4
			},
			{
				"template": "{$alliance_kingdom_name$, 1}{alliance_postfix, 1}",
				"weight": 0.4
			},
			{
				"template": "{$age$, 1}{alliance_postfix, 1}",
				"weight": 0.01
			}
		],
		"generate_func_id": "alliance_name_generator"
	}
}