{
	"human_city":{
		"templates":[
			{
				"template": "{real_city_names, 1}",
				"weight": 1
			}
		],
		"generate_func_id": "default_generator"
	},
	"orc_city":{
		"templates":[
			{
				"template": "{real_city_names, 1}",
				"weight": 1
			}
		],
		"generate_func_id": "default_generator"
	},
	"elf_city":{
		"templates":[
			{
				"template": "{real_city_names, 1}",
				"weight": 1
			}
		],
		"generate_func_id": "default_generator"
	},
	"dwarf_city":{
		"templates":[
			{
				"template": "{real_city_names, 1}",
				"weight": 1
			}
		],
		"generate_func_id": "default_generator"
	}
}