{
	"human_clan":{
		"templates":[
			{
				"template": "{$founder_home$, 1}{$founder_family_name$, 1}{human_clan_postfix, 1}",
				"weight": 1
			}
		],
		"generate_func_id": "clan_name_generator"
	},
	"orc_clan":{
		"templates":[
			{
				"template": "{$founder_home$, 1}{$founder_family_name$, 1}{human_clan_postfix, 1}",
				"weight": 1
			}
		],
		"generate_func_id": "clan_name_generator"
	},
	"elf_clan":{
		"templates":[
			{
				"template": "{$founder_home$, 1}{$founder_family_name$, 1}{human_clan_postfix, 1}",
				"weight": 1
			}
		],
		"generate_func_id": "clan_name_generator"
	},
	"dwarf_clan":{
		"templates":[
			{
				"template": "{$founder_home$, 1}{$founder_family_name$, 1}{human_clan_postfix, 1}",
				"weight": 1
			}
		],
		"generate_func_id": "clan_name_generator"
	}
}