{
	"human_name":{
		"templates":[
			{
				"template": "{hundreds_of_family_names, 1}{thousand_common_words, 0.6}{thousand_common_words, 1}",
				"weight": 1
			}
		],
		"generate_func_id": "unit_name_generator"
	},
	"orc_name":{
		"templates":[
			{
				"template": "{hundreds_of_family_names, 1}{thousand_common_words, 0.6}{thousand_common_words, 1}",
				"weight": 1
			}
		],
		"generate_func_id": "unit_name_generator"
	},
	"elf_name":{
		"templates":[
			{
				"template": "{hundreds_of_family_names, 1}{thousand_common_words, 0.6}{thousand_common_words, 1}",
				"weight": 1
			}
		],
		"generate_func_id": "unit_name_generator"
	},
	"dwarf_name":{
		"templates":[
			{
				"template": "{hundreds_of_family_names, 1}{thousand_common_words, 0.6}{thousand_common_words, 1}",
				"weight": 1
			}
		],
		"generate_func_id": "unit_name_generator"
	}
}