{
	"human_culture":{
		"generate_func_id": "default_generator",
        "templates": [
            {
                "template": "{real_culture_names, 1}{culture_postfix, 1}",
                "weight": 1
            }
        ]
	},
	"orc_culture":{
		"generate_func_id": "default_generator",
        "templates": [
            {
                "template": "{real_culture_names, 1}{culture_postfix, 1}",
                "weight": 1
            }
        ]
	},
	"elf_culture":{
		"generate_func_id": "default_generator",
        "templates": [
            {
                "template": "{real_culture_names, 1}{culture_postfix, 1}",
                "weight": 1
            }
        ]
	},
	"dwarf_culture":{
		"generate_func_id": "default_generator",
        "templates": [
            {
                "template": "{real_culture_names, 1}{culture_postfix, 1}",
                "weight": 1
            }
        ]
	}
}