{
	"human_kingdom":{
		"templates":[
			{
				"template": "{real_kingdom_names, 1}",
				"weight": 1
			}
		],
		"generate_func_id": "default_generator"
	},
	"orc_kingdom":{
		"templates":[
			{
				"template": "{real_kingdom_names, 1}",
				"weight": 1
			}
		],
		"generate_func_id": "default_generator"
	},
	"elf_kingdom":{
		"templates":[
			{
				"template": "{real_kingdom_names, 1}",
				"weight": 1
			}
		],
		"generate_func_id": "default_generator"
	},
	"dwarf_kingdom":{
		"templates":[
			{
				"template": "{real_kingdom_names, 1}",
				"weight": 1
			}
		],
		"generate_func_id": "default_generator"
	}
}