{
    "war_conquest": {
        "generate_func_id": "war_name_generator",
        "templates": [
            {
                "template": "{无名战争, 1}",
                "weight": 0
            },
            {
                "template": "{$war_defender_kingdom_name$, 1}{抗, 1}{$war_attacker_kingdom_name_abb$, 1}{war_conquest_postfix, 1}",
                "weight": 1
            },
			{
                "template": "{$war_attacker_kingdom_name$, 1}{侵, 1}{$war_defender_kingdom_name_abb$, 1}{war_conquest_postfix, 1}",
                "weight": 1
            },
            {
                "template": "{$war_kingdom_union_name$, 1}{war_conquest_postfix, 1}",
                "weight": 1
            },
            {
                "template": "{$war_defender_kingdom_name$, 1}{war_conquest_postfix, 1}",
                "weight": 1.5
            },
            {
                "template": "{$war_defender_capital_name$, 1}{war_common_postfix, 1}",
                "weight": 1
            }
        ]
    },
    "war_inspire": {
        "generate_func_id": "war_name_generator",
        "templates": [
            {
                "template": "{无名战争, 1}",
                "weight": 0
            },
            {
                "template": "{$war_kingdom_union_name$, 1}{war_inspire_postfix, 1}",
                "weight": 1
            },
            {
                "template": "{$war_defender_capital_name$, 1}{war_common_postfix, 1}",
                "weight": 1
            }
        ]
    },
    "war_rebellion": {
        "generate_func_id": "war_name_generator",
        "templates": [
            {
                "template": "{无名战争, 1}",
                "weight": 0
            },
            {
                "template": "{$war_defender_capital_name$, 1}{war_rebellion_postfix, 1}",
                "weight": 1
            },
            {
                "template": "{$war_defender_leader_name$, 1}{war_rebellion_postfix, 1}",
                "weight": 1
            },
            {
                "template": "{$war_defender_capital_name$, 1}{war_common_postfix, 1}",
                "weight": 1
            }
        ]
    },
    "war_spite": {
        "generate_func_id": "war_name_generator",
        "templates": [
            {
                "template": "{无名战争, 1}",
                "weight": 0
            },
            {
                "template": "{$war_kingdom_union_name$, 1}{war_spite_postfix, 1}",
                "weight": 1
            },
            {
                "template": "{$war_defender_capital_name$, 1}{war_common_postfix, 1}",
                "weight": 1
            }
        ]
    },
    "war_whisper": {
        "generate_func_id": "war_name_generator",
        "templates": [
            {
                "template": "{无名战争, 1}",
                "weight": 0
            },
            {
                "template": "{$war_kingdom_union_name$, 1}{war_whisper_postfix, 1}",
                "weight": 1
            },
            {
                "template": "{$war_defender_capital_name$, 1}{war_common_postfix, 1}",
                "weight": 1
            }
        ]
    }
}
